{
    "dimension": 2,
    "variables": [
        "Eta",
        "Pt"
    ],
    "error_type": "absolute",
    "binning": {
        "x": [
            -2.5,
            2.5
        ],
        "y": [
            0.18,
            0.2,
            0.22,
            0.24,
            0.26
        ]
    },
    "data": [
        {
            "bin": [
                -2.5,
                2.5
            ],
            "values": [
                {
                    "bin": [
                        0.18,
                        0.2
                    ],
                    "value": 0.003053777832248436,
                    "error_low": 0.00131678294038699,
                    "error_high": 0.00131678294038699
                },
                {
                    "bin": [
                        0.2,
                        0.22
                    ],
                    "value": 0.019448549431098815,
                    "error_low": 0.005725013006864326,
                    "error_high": 0.005725013006864326
                },
                {
                    "bin": [
                        0.22,
                        0.24
                    ],
                    "value": 0.30763798169272943,
                    "error_low": 0.19250820946869654,
                    "error_high": 0.19250820946869654
                },
                {
                    "bin": [
                        0.24,
                        0.26
                    ],
                    "value": 0.9357438397041179,
                    "error_low": 1.3427495014077646,
                    "error_high": 1.3427495014077646
                }
            ]
        }
    ]
}