{
    "dimension": 2,
    "variables": [
        "Eta",
        "Pt"
    ],
    "error_type": "absolute",
    "binning": {
        "x": [
            -2.5,
            2.5
        ],
        "y": [
            0.16,
            0.18,
            0.2,
            0.22,
            0.24
        ]
    },
    "data": [
        {
            "bin": [
                -2.5,
                2.5
            ],
            "values": [
                {
                    "bin": [
                        0.16,
                        0.18
                    ],
                    "value": 0.0014765483998927726,
                    "error_low": 0.0025333906343691925,
                    "error_high": 0.0025333906343691925
                },
                {
                    "bin": [
                        0.18,
                        0.2
                    ],
                    "value": 0.007567943617897596,
                    "error_low": 0.006170770086660739,
                    "error_high": 0.006170770086660739
                },
                {
                    "bin": [
                        0.2,
                        0.22
                    ],
                    "value": 0.016409454680831635,
                    "error_low": 0.013213600004483572,
                    "error_high": 0.013213600004483572
                },
                {
                    "bin": [
                        0.22,
                        0.24
                    ],
                    "value": 0.04788174398622989,
                    "error_low": 0.0567505419062815,
                    "error_high": 0.0567505419062815
                }
            ]
        }
    ]
}